<?xml version="1.0" encoding="UTF-8"?>
<project-private xmlns="http://www.netbeans.org/ns/project-private/1">
    <editor-bookmarks xmlns="http://www.netbeans.org/ns/editor-bookmarks/2" lastBookmarkId="0"/>
    <open-files xmlns="http://www.netbeans.org/ns/projectui-open-files/2">
        <group>
            <file>file:/D:/Projects/bank%20management%20syetem/src/bank/management/system/MiniStatement.java</file>
            <file>file:/D:/Projects/bank%20management%20syetem/src/bank/management/system/Login.java</file>
        </group>
    </open-files>
</project-private>
